{
	"$schema": "https://schemas.wp.org/wp/6.6/theme.json",
	"customTemplates": [],
	"patterns": [],
	"settings": {
		"color": {
			"background": true,
			"button": true,
			"caption": true,
			"custom": true,
			"customDuotone": true,
			"customGradient": true,
			"defaultDuotone": true,
			"defaultGradients": true,
			"defaultPalette": true,
			"heading": true,
			"link": true,
			"palette": [
				{
					"color": "#2541d3",
					"name": "primary",
					"slug": "primary"
				},
				{
					"color": "#16c528",
					"name": "secondary",
					"slug": "secondary"
				},
				{
					"color": "#e01616",
					"name": "tertiary",
					"slug": "tertiary"
				},
				{
					"color": "#ff8f0a",
					"name": "contrast",
					"slug": "contrast"
				},
				{
					"color": "#000000",
					"name": "black",
					"slug": "black"
				},
				{
					"color": "#1b1c1c",
					"name": "dark",
					"slug": "dark"
				},
				{
					"color": "#565959",
					"name": "light",
					"slug": "light"
				},
				{
					"color": "#ffffff",
					"name": "white",
					"slug": "white"
				},
				{
					"color": "rgba(255, 255, 255, 0)",
					"name": "transparent",
					"slug": "transparent"
				}
			],
			"text": true
		},
		"layout": {
			"contentSize": "650px",
			"wideSize": "1200px"
		},
		"spacing": {
			"blockGap": true,
			"margin": true,
			"padding": true,
			"units": [
				"px",
				"em",
				"rem",
				"vh",
				"vw",
				"%"
			]
		},
		"typography": {
			"customFontSize": true,
			"defaultFontSizes": false,
			"dropCap": true,
			"fluid": true,
			"fontFamilies": [
				{
					"fontFace": [
						{
							"fontFamily": "Roboto",
							"fontStyle": "normal",
							"fontWeight": "300",
							"src": "http://davidl900.sg-host.com/wp-content/uploads/fonts/KFOlCnqEu92Fr1MmSU5vBh05IsDqlA.woff2"
						},
						{
							"fontFamily": "Roboto",
							"fontStyle": "normal",
							"fontWeight": "700",
							"src": "http://davidl900.sg-host.com/wp-content/uploads/fonts/KFOlCnqEu92Fr1MmWUlvBh05IsDqlA.woff2"
						},
						{
							"fontFamily": "Roboto",
							"fontStyle": "normal",
							"fontWeight": "500",
							"src": "http://davidl900.sg-host.com/wp-content/uploads/fonts/KFOlCnqEu92Fr1MmEU9vBh05IsDqlA.woff2"
						},
						{
							"fontFamily": "Roboto",
							"fontStyle": "normal",
							"fontWeight": "400",
							"src": "http://davidl900.sg-host.com/wp-content/uploads/fonts/KFOmCnqEu92Fr1Me4GZLCzYlKw.woff2"
						},
						{
							"fontFamily": "Roboto",
							"fontStyle": "italic",
							"fontWeight": "300",
							"src": "http://davidl900.sg-host.com/wp-content/uploads/fonts/KFOjCnqEu92Fr1Mu51TjARc4AMX6lJBP.woff2"
						}
					],
					"fontFamily": "Roboto, sans-serif",
					"name": "Roboto",
					"slug": "roboto"
				}
			],
			"fontSizes": [
				{
					"fluid": false,
					"name": "Small",
					"size": "1rem",
					"slug": "small"
				},
				{
					"fluid": false,
					"name": "Medium",
					"size": "1.125rem",
					"slug": "medium"
				},
				{
					"fluid": false,
					"name": "Large",
					"size": "1.5rem",
					"slug": "large"
				},
				{
					"fluid": false,
					"name": "XL",
					"size": "2rem",
					"slug": "x-large"
				},
				{
					"fluid": false,
					"name": "XXL",
					"size": "2.5rem",
					"slug": "xx-l"
				}
			],
			"fontStyle": true,
			"fontWeight": true,
			"letterSpacing": true,
			"lineHeight": true,
			"textDecoration": true,
			"textTransform": true,
			"writingMode": true
		},
		"useRootPaddingAwareAlignments": true
	},
	"styles": {
		"blocks": {
			"core/button": {
				"typography": {
					"fontFamily": "var(--wp--preset--font-family--roboto)"
				}
			}
		},
		"color": {
			"text": "var(--wp--preset--color--black)"
		},
		"css": ".wp-block-navigation-item:hover {\ncolor: #8ED1FC;\n}\n\n.image-svg {\nmax-width: 250px;\n}\n\n.headshot {\nmax-width: 450px;\nborder-radius: 20px;\noverflow: hidden;\n}",
		"elements": {
			"button": {
				"typography": {
					"fontFamily": "var(--wp--preset--font-family--roboto)",
					"fontSize": "var(--wp--preset--font-size--medium)"
				}
			},
			"caption": {
				"typography": {
					"fontFamily": "var(--wp--preset--font-family--roboto)"
				}
			},
			"h1": {
				"typography": {
					"fontFamily": "var(--wp--preset--font-family--roboto)"
				}
			},
			"h2": {
				"typography": {
					"fontFamily": "var(--wp--preset--font-family--roboto)"
				}
			},
			"h3": {
				"typography": {
					"fontFamily": "var(--wp--preset--font-family--roboto)"
				}
			},
			"h4": {
				"typography": {
					"fontFamily": "var(--wp--preset--font-family--roboto)"
				}
			},
			"h5": {
				"typography": {
					"fontFamily": "var(--wp--preset--font-family--roboto)"
				}
			},
			"h6": {
				"typography": {
					"fontFamily": "var(--wp--preset--font-family--roboto)"
				}
			},
			"heading": {
				"color": {
					"text": "var(--wp--preset--color--black)"
				},
				"typography": {
					"fontFamily": "var(--wp--preset--font-family--roboto)"
				}
			},
			"link": {
				":hover": {
					"color": {
						"text": "var(--wp--preset--color--vivid-cyan-blue)"
					}
				},
				"color": {
					"text": "var(--wp--preset--color--primary)"
				},
				"typography": {
					"fontFamily": "var(--wp--preset--font-family--roboto)",
					"fontSize": "var(--wp--preset--font-size--large)",
					"textDecoration": "none"
				}
			}
		},
		"spacing": {
			"blockGap": "var(--wp--preset--spacing--30)",
			"padding": {
				"bottom": "2rem",
				"left": "2rem",
				"right": "2rem",
				"top": "2rem"
			}
		},
		"typography": {
			"fontFamily": "var(--wp--preset--font-family--roboto)",
			"fontSize": "var(--wp--preset--font-size--large)",
			"lineHeight": "1.5"
		}
	},
	"templateParts": [
		{
			"area": "header",
			"name": "header",
			"title": "Header"
		},
		{
			"area": "footer",
			"name": "footer",
			"title": "Footer"
		},
		{
			"area": "general",
			"name": "query-loop",
			"title": "Query Loop"
		}
	],
	"version": 3
}